Scenario,Gem,Memory (KB),Allocations,Time (seconds)
Light (1 KB),Net::HTTP,1143,623,0.0555
Light (1 KB),Faraday,1079,630,0.0587
Light (1 KB),HTTParty,1093,579,0.0524
Light (1 KB),Typhoeus,82,552,0.0524
Light (1 KB),httpx,839,953,0.0556
Light (1 KB),http.rb,1139,1530,0.0801
Normal (100 KB),Net::HTTP,1392,627,0.0516
Normal (100 KB),Faraday,1322,637,0.0518
Normal (100 KB),HTTParty,1315,585,0.0518
Normal (100 KB),Typhoeus,214,571,0.0517
Normal (100 KB),httpx,421,1064,0.0553
Normal (100 KB),http.rb,1191,2016,0.0764
Heavy (1 MB),Net::HTTP,4402,691,0.0679
Heavy (1 MB),Faraday,4190,702,0.0687
Heavy (1 MB),HTTParty,4180,645,0.0741
Heavy (1 MB),Typhoeus,1489,755,0.0707
Heavy (1 MB),httpx,2207,1723,0.0784
Heavy (1 MB),http.rb,1347,4451,0.1033
